seed,precision,batch,latency_mean_ms,latency_p95_ms,latency_std_ms,latency_ci95_ms,throughput,avg_power_w,fps_per_watt,energy_per_sample_mj
0,PYTORCH,1,0.6574346019970108,1.3056525498541303,0.398499847850983,0.01746502587683518,1299.0251549513735,4.800434782608695,270.6057292263526,3.695413259944447
0,PYTORCH,2,0.5698985520011774,0.8408297996993497,0.1847181395939887,0.0080956294094653,2926.415662263187,4.59,637.5633251118055,1.568471649188159
0,PYTORCH,4,0.617414328002269,0.9211229993979939,0.202806579081853,0.00888839022337972,5436.433530204933,4.61895652173913,1176.98304901082,0.8496299082985408
0,PYTORCH,8,0.6005241765155915,0.9530584001822717,0.33882145895470994,0.01484950516338437,11051.40485265412,4.746863636363637,2328.1487944996275,0.429525811392533
0,PYTORCH,16,0.6123861995206425,0.9510894000413825,0.310281759207183,0.013598697673003453,21741.058329031093,4.818347826086956,4512.139661508682,0.22162434565813935
0,PYTORCH,32,0.6203276185042341,0.9831592000409728,0.3723088551177066,0.016317155009898925,42937.53199010292,4.830391304347825,8889.038027096261,0.1124981125012315
1,PYTORCH,1,0.640797455493157,0.9834232003868235,0.30251226344314835,0.013258184507689603,1311.7644745564203,4.815521739130435,272.40339585577135,3.671026188416047
1,PYTORCH,2,0.5448326184782672,0.873192399740219,0.23294676936680406,0.010209342304285534,3014.4157121488606,4.553809523809524,661.9547208525156,1.5106773446862407
1,PYTORCH,4,0.5249481415094124,0.7226629497381507,0.204867949237975,0.00897873375377893,6227.234611927572,4.636142857142858,1343.1929955163776,0.7444946506853691
1,PYTORCH,8,0.7033540025004186,1.1194998001883505,0.33773118580597455,0.014801721835841913,9675.485030311082,4.851083333333333,1994.4998602328171,0.5013788268118858
1,PYTORCH,16,0.6040560244919106,0.9162029502022049,0.2787760922896227,0.012217900940082484,22003.823274312843,4.841434782608695,4544.897176629237,0.22002697995945833
1,PYTORCH,32,0.5932399829998758,0.993669599984059,0.3515071263680403,0.015405479051037117,44416.916844317806,4.762999999999999,9325.407693537227,0.1072339175790704
2,PYTORCH,1,0.6410363630002394,0.9163716503280738,0.3637664282498574,0.015942766645380028,1313.175068256599,4.795826086956522,273.8162402986453,3.6520843281951505
2,PYTORCH,2,0.5683323870157437,0.8472106504996186,0.21819528106373565,0.009562829824232436,2918.2649748593144,4.584999999999999,636.4809105472879,1.5711390293546035
2,PYTORCH,4,0.5919534649983689,0.7337750000715458,0.19207684900210917,0.008418139068944503,5619.423440466316,4.645181818181818,1209.7316446196346,0.8266296119867322
2,PYTORCH,8,0.6174799409955085,1.1345077995883908,0.35984045693693323,0.01577070336620514,10862.563807968452,4.822391304347827,2252.5264173761384,0.44394595876254045
2,PYTORCH,16,0.6061383244982608,1.0253169994484774,0.3898386326105375,0.017085431382345473,21950.674121605152,4.789181818181819,4583.387090937086,0.21817925917218292
2,PYTORCH,32,0.6404247350078549,1.3188829499085841,0.36527078338978447,0.01600869791634152,42100.5010095844,4.795521739130436,8779.128382643597,0.11390652424869506
