seed,episode,engine,episode_reward,action_agreement
0,0,FP32,500.0,1.0
0,0,FP16,500.0,1.0
0,0,INT8,500.0,0.964
0,1,FP32,500.0,1.0
0,1,FP16,500.0,1.0
0,1,INT8,500.0,0.962
0,2,FP32,500.0,1.0
0,2,FP16,500.0,1.0
0,2,INT8,500.0,0.986
0,3,FP32,500.0,1.0
0,3,FP16,500.0,1.0
0,3,INT8,500.0,0.968
0,4,FP32,500.0,1.0
0,4,FP16,500.0,1.0
0,4,INT8,500.0,0.928
0,5,FP32,500.0,1.0
0,5,FP16,500.0,1.0
0,5,INT8,500.0,0.952
0,6,FP32,500.0,1.0
0,6,FP16,500.0,1.0
0,6,INT8,500.0,0.982
0,7,FP32,500.0,1.0
0,7,FP16,500.0,1.0
0,7,INT8,500.0,0.97
0,8,FP32,500.0,1.0
0,8,FP16,500.0,1.0
0,8,INT8,500.0,0.976
0,9,FP32,500.0,1.0
0,9,FP16,500.0,1.0
0,9,INT8,500.0,0.98
0,10,FP32,500.0,1.0
0,10,FP16,500.0,0.998
0,10,INT8,500.0,0.94
0,11,FP32,500.0,1.0
0,11,FP16,500.0,1.0
0,11,INT8,500.0,0.948
0,12,FP32,500.0,1.0
0,12,FP16,500.0,1.0
0,12,INT8,500.0,0.97
0,13,FP32,500.0,1.0
0,13,FP16,500.0,1.0
0,13,INT8,500.0,0.948
0,14,FP32,500.0,1.0
0,14,FP16,500.0,1.0
0,14,INT8,500.0,0.97
0,15,FP32,500.0,1.0
0,15,FP16,500.0,1.0
0,15,INT8,500.0,0.954
0,16,FP32,500.0,1.0
0,16,FP16,500.0,1.0
0,16,INT8,500.0,0.976
0,17,FP32,500.0,1.0
0,17,FP16,500.0,1.0
0,17,INT8,500.0,0.96
0,18,FP32,500.0,1.0
0,18,FP16,500.0,1.0
0,18,INT8,500.0,0.974
0,19,FP32,500.0,1.0
0,19,FP16,500.0,1.0
0,19,INT8,500.0,0.962
0,20,FP32,500.0,1.0
0,20,FP16,500.0,1.0
0,20,INT8,500.0,0.968
0,21,FP32,500.0,1.0
0,21,FP16,500.0,1.0
0,21,INT8,500.0,0.966
0,22,FP32,500.0,1.0
0,22,FP16,500.0,1.0
0,22,INT8,500.0,0.914
0,23,FP32,500.0,1.0
0,23,FP16,500.0,1.0
0,23,INT8,500.0,0.97
0,24,FP32,500.0,1.0
0,24,FP16,500.0,1.0
0,24,INT8,500.0,0.966
0,25,FP32,500.0,1.0
0,25,FP16,500.0,1.0
0,25,INT8,500.0,0.966
0,26,FP32,500.0,1.0
0,26,FP16,500.0,1.0
0,26,INT8,500.0,0.962
0,27,FP32,500.0,1.0
0,27,FP16,500.0,0.996
0,27,INT8,500.0,0.974
0,28,FP32,500.0,1.0
0,28,FP16,500.0,1.0
0,28,INT8,500.0,0.96
0,29,FP32,500.0,1.0
0,29,FP16,500.0,1.0
0,29,INT8,500.0,0.898
0,30,FP32,500.0,1.0
0,30,FP16,500.0,1.0
0,30,INT8,500.0,0.97
0,31,FP32,500.0,1.0
0,31,FP16,500.0,1.0
0,31,INT8,500.0,0.976
0,32,FP32,500.0,1.0
0,32,FP16,500.0,1.0
0,32,INT8,500.0,0.966
0,33,FP32,500.0,1.0
0,33,FP16,500.0,1.0
0,33,INT8,500.0,0.956
0,34,FP32,500.0,1.0
0,34,FP16,500.0,1.0
0,34,INT8,500.0,0.972
0,35,FP32,500.0,1.0
0,35,FP16,500.0,1.0
0,35,INT8,500.0,0.954
0,36,FP32,500.0,1.0
0,36,FP16,500.0,1.0
0,36,INT8,500.0,0.964
0,37,FP32,500.0,1.0
0,37,FP16,500.0,1.0
0,37,INT8,500.0,0.976
0,38,FP32,500.0,1.0
0,38,FP16,500.0,1.0
0,38,INT8,500.0,0.968
0,39,FP32,500.0,1.0
0,39,FP16,500.0,1.0
0,39,INT8,500.0,0.948
0,40,FP32,500.0,1.0
0,40,FP16,500.0,1.0
0,40,INT8,500.0,0.972
0,41,FP32,500.0,1.0
0,41,FP16,500.0,1.0
0,41,INT8,500.0,0.958
0,42,FP32,500.0,1.0
0,42,FP16,500.0,1.0
0,42,INT8,500.0,0.954
0,43,FP32,500.0,1.0
0,43,FP16,500.0,1.0
0,43,INT8,500.0,0.972
0,44,FP32,500.0,1.0
0,44,FP16,500.0,1.0
0,44,INT8,500.0,0.972
0,45,FP32,500.0,1.0
0,45,FP16,500.0,1.0
0,45,INT8,500.0,0.948
0,46,FP32,500.0,1.0
0,46,FP16,500.0,1.0
0,46,INT8,500.0,0.972
0,47,FP32,500.0,1.0
0,47,FP16,500.0,1.0
0,47,INT8,500.0,0.976
0,48,FP32,500.0,1.0
0,48,FP16,500.0,1.0
0,48,INT8,500.0,0.964
0,49,FP32,500.0,1.0
0,49,FP16,500.0,1.0
0,49,INT8,500.0,0.964
0,50,FP32,500.0,1.0
0,50,FP16,500.0,1.0
0,50,INT8,500.0,0.96
0,51,FP32,500.0,1.0
0,51,FP16,500.0,1.0
0,51,INT8,500.0,0.962
0,52,FP32,500.0,1.0
0,52,FP16,500.0,1.0
0,52,INT8,500.0,0.962
0,53,FP32,500.0,1.0
0,53,FP16,500.0,1.0
0,53,INT8,500.0,0.972
0,54,FP32,500.0,1.0
0,54,FP16,500.0,1.0
0,54,INT8,500.0,0.946
0,55,FP32,500.0,1.0
0,55,FP16,500.0,1.0
0,55,INT8,500.0,0.958
0,56,FP32,500.0,1.0
0,56,FP16,500.0,1.0
0,56,INT8,500.0,0.962
0,57,FP32,500.0,1.0
0,57,FP16,500.0,1.0
0,57,INT8,500.0,0.962
0,58,FP32,500.0,1.0
0,58,FP16,500.0,1.0
0,58,INT8,500.0,0.956
0,59,FP32,500.0,1.0
0,59,FP16,500.0,1.0
0,59,INT8,500.0,0.954
0,60,FP32,500.0,1.0
0,60,FP16,500.0,1.0
0,60,INT8,500.0,0.96
0,61,FP32,500.0,1.0
0,61,FP16,500.0,1.0
0,61,INT8,500.0,0.956
0,62,FP32,500.0,1.0
0,62,FP16,500.0,1.0
0,62,INT8,500.0,0.97
0,63,FP32,500.0,1.0
0,63,FP16,500.0,1.0
0,63,INT8,500.0,0.976
0,64,FP32,500.0,1.0
0,64,FP16,500.0,1.0
0,64,INT8,500.0,0.95
0,65,FP32,500.0,1.0
0,65,FP16,500.0,1.0
0,65,INT8,500.0,0.934
0,66,FP32,500.0,1.0
0,66,FP16,500.0,1.0
0,66,INT8,500.0,0.97
0,67,FP32,500.0,1.0
0,67,FP16,500.0,1.0
0,67,INT8,500.0,0.974
0,68,FP32,500.0,1.0
0,68,FP16,500.0,1.0
0,68,INT8,500.0,0.96
0,69,FP32,500.0,1.0
0,69,FP16,500.0,1.0
0,69,INT8,500.0,0.948
0,70,FP32,500.0,1.0
0,70,FP16,500.0,1.0
0,70,INT8,500.0,0.972
0,71,FP32,500.0,1.0
0,71,FP16,500.0,1.0
0,71,INT8,500.0,0.962
0,72,FP32,500.0,1.0
0,72,FP16,500.0,1.0
0,72,INT8,500.0,0.982
0,73,FP32,500.0,1.0
0,73,FP16,500.0,1.0
0,73,INT8,500.0,0.98
0,74,FP32,500.0,1.0
0,74,FP16,500.0,0.998
0,74,INT8,500.0,0.95
0,75,FP32,500.0,1.0
0,75,FP16,500.0,1.0
0,75,INT8,500.0,0.962
0,76,FP32,500.0,1.0
0,76,FP16,500.0,1.0
0,76,INT8,500.0,0.97
0,77,FP32,500.0,1.0
0,77,FP16,500.0,1.0
0,77,INT8,500.0,0.934
0,78,FP32,500.0,1.0
0,78,FP16,500.0,1.0
0,78,INT8,500.0,0.964
0,79,FP32,500.0,1.0
0,79,FP16,500.0,1.0
0,79,INT8,500.0,0.964
0,80,FP32,500.0,1.0
0,80,FP16,500.0,1.0
0,80,INT8,500.0,0.972
0,81,FP32,500.0,1.0
0,81,FP16,500.0,1.0
0,81,INT8,500.0,0.948
0,82,FP32,500.0,1.0
0,82,FP16,500.0,1.0
0,82,INT8,500.0,0.964
0,83,FP32,500.0,1.0
0,83,FP16,500.0,1.0
0,83,INT8,500.0,0.974
0,84,FP32,500.0,1.0
0,84,FP16,500.0,1.0
0,84,INT8,500.0,0.964
0,85,FP32,500.0,1.0
0,85,FP16,500.0,1.0
0,85,INT8,500.0,0.948
0,86,FP32,500.0,1.0
0,86,FP16,500.0,1.0
0,86,INT8,500.0,0.958
0,87,FP32,500.0,1.0
0,87,FP16,500.0,1.0
0,87,INT8,500.0,0.954
0,88,FP32,500.0,1.0
0,88,FP16,500.0,1.0
0,88,INT8,500.0,0.972
0,89,FP32,500.0,1.0
0,89,FP16,500.0,1.0
0,89,INT8,500.0,0.968
0,90,FP32,500.0,1.0
0,90,FP16,500.0,1.0
0,90,INT8,500.0,0.976
0,91,FP32,500.0,1.0
0,91,FP16,500.0,1.0
0,91,INT8,500.0,0.972
0,92,FP32,500.0,1.0
0,92,FP16,500.0,1.0
0,92,INT8,500.0,0.974
0,93,FP32,500.0,1.0
0,93,FP16,500.0,1.0
0,93,INT8,500.0,0.954
0,94,FP32,500.0,1.0
0,94,FP16,500.0,1.0
0,94,INT8,500.0,0.954
0,95,FP32,500.0,1.0
0,95,FP16,500.0,1.0
0,95,INT8,500.0,0.966
0,96,FP32,500.0,1.0
0,96,FP16,500.0,1.0
0,96,INT8,500.0,0.966
0,97,FP32,500.0,1.0
0,97,FP16,500.0,1.0
0,97,INT8,500.0,0.96
0,98,FP32,500.0,1.0
0,98,FP16,500.0,1.0
0,98,INT8,500.0,0.964
0,99,FP32,500.0,1.0
0,99,FP16,500.0,1.0
0,99,INT8,500.0,0.97
1,0,FP32,500.0,1.0
1,0,FP16,500.0,1.0
1,0,INT8,500.0,0.958
1,1,FP32,500.0,1.0
1,1,FP16,500.0,1.0
1,1,INT8,500.0,0.964
1,2,FP32,500.0,1.0
1,2,FP16,500.0,1.0
1,2,INT8,500.0,0.982
1,3,FP32,500.0,1.0
1,3,FP16,500.0,1.0
1,3,INT8,500.0,0.966
1,4,FP32,500.0,1.0
1,4,FP16,500.0,1.0
1,4,INT8,500.0,0.972
1,5,FP32,500.0,1.0
1,5,FP16,500.0,1.0
1,5,INT8,500.0,0.952
1,6,FP32,500.0,1.0
1,6,FP16,500.0,1.0
1,6,INT8,500.0,0.968
1,7,FP32,500.0,1.0
1,7,FP16,500.0,0.998
1,7,INT8,500.0,0.972
1,8,FP32,500.0,1.0
1,8,FP16,500.0,1.0
1,8,INT8,500.0,0.91
1,9,FP32,500.0,1.0
1,9,FP16,500.0,1.0
1,9,INT8,500.0,0.968
1,10,FP32,500.0,1.0
1,10,FP16,500.0,1.0
1,10,INT8,500.0,0.934
1,11,FP32,500.0,1.0
1,11,FP16,500.0,1.0
1,11,INT8,500.0,0.91
1,12,FP32,500.0,1.0
1,12,FP16,500.0,1.0
1,12,INT8,500.0,0.982
1,13,FP32,500.0,1.0
1,13,FP16,500.0,1.0
1,13,INT8,500.0,0.964
1,14,FP32,500.0,1.0
1,14,FP16,500.0,1.0
1,14,INT8,500.0,0.972
1,15,FP32,500.0,1.0
1,15,FP16,500.0,1.0
1,15,INT8,500.0,0.952
1,16,FP32,500.0,1.0
1,16,FP16,500.0,1.0
1,16,INT8,500.0,0.956
1,17,FP32,500.0,1.0
1,17,FP16,500.0,1.0
1,17,INT8,500.0,0.96
1,18,FP32,500.0,1.0
1,18,FP16,500.0,1.0
1,18,INT8,500.0,0.972
1,19,FP32,500.0,1.0
1,19,FP16,500.0,1.0
1,19,INT8,500.0,0.968
1,20,FP32,500.0,1.0
1,20,FP16,500.0,1.0
1,20,INT8,500.0,0.976
1,21,FP32,500.0,1.0
1,21,FP16,500.0,1.0
1,21,INT8,500.0,0.94
1,22,FP32,500.0,1.0
1,22,FP16,500.0,1.0
1,22,INT8,500.0,0.952
1,23,FP32,500.0,1.0
1,23,FP16,500.0,1.0
1,23,INT8,500.0,0.96
1,24,FP32,500.0,1.0
1,24,FP16,500.0,1.0
1,24,INT8,500.0,0.974
1,25,FP32,500.0,1.0
1,25,FP16,500.0,1.0
1,25,INT8,500.0,0.962
1,26,FP32,500.0,1.0
1,26,FP16,500.0,1.0
1,26,INT8,500.0,0.972
1,27,FP32,500.0,1.0
1,27,FP16,500.0,1.0
1,27,INT8,500.0,0.966
1,28,FP32,500.0,1.0
1,28,FP16,500.0,1.0
1,28,INT8,500.0,0.976
1,29,FP32,500.0,1.0
1,29,FP16,500.0,1.0
1,29,INT8,500.0,0.972
1,30,FP32,500.0,1.0
1,30,FP16,500.0,1.0
1,30,INT8,500.0,0.962
1,31,FP32,500.0,1.0
1,31,FP16,500.0,1.0
1,31,INT8,500.0,0.968
1,32,FP32,500.0,1.0
1,32,FP16,500.0,1.0
1,32,INT8,500.0,0.982
1,33,FP32,500.0,1.0
1,33,FP16,500.0,1.0
1,33,INT8,500.0,0.94
1,34,FP32,500.0,1.0
1,34,FP16,500.0,1.0
1,34,INT8,500.0,0.962
1,35,FP32,500.0,1.0
1,35,FP16,500.0,1.0
1,35,INT8,500.0,0.978
1,36,FP32,500.0,1.0
1,36,FP16,500.0,1.0
1,36,INT8,500.0,0.982
1,37,FP32,500.0,1.0
1,37,FP16,500.0,1.0
1,37,INT8,500.0,0.96
1,38,FP32,500.0,1.0
1,38,FP16,500.0,1.0
1,38,INT8,500.0,0.968
1,39,FP32,500.0,1.0
1,39,FP16,500.0,1.0
1,39,INT8,500.0,0.966
1,40,FP32,500.0,1.0
1,40,FP16,500.0,1.0
1,40,INT8,500.0,0.964
1,41,FP32,500.0,1.0
1,41,FP16,500.0,1.0
1,41,INT8,500.0,0.972
1,42,FP32,500.0,1.0
1,42,FP16,500.0,1.0
1,42,INT8,500.0,0.982
1,43,FP32,500.0,1.0
1,43,FP16,500.0,1.0
1,43,INT8,500.0,0.968
1,44,FP32,500.0,1.0
1,44,FP16,500.0,1.0
1,44,INT8,500.0,0.98
1,45,FP32,500.0,1.0
1,45,FP16,500.0,1.0
1,45,INT8,500.0,0.96
1,46,FP32,500.0,1.0
1,46,FP16,500.0,1.0
1,46,INT8,500.0,0.958
1,47,FP32,500.0,1.0
1,47,FP16,500.0,1.0
1,47,INT8,500.0,0.972
1,48,FP32,500.0,1.0
1,48,FP16,500.0,1.0
1,48,INT8,500.0,0.978
1,49,FP32,500.0,1.0
1,49,FP16,500.0,1.0
1,49,INT8,500.0,0.948
1,50,FP32,500.0,1.0
1,50,FP16,500.0,1.0
1,50,INT8,500.0,0.966
1,51,FP32,500.0,1.0
1,51,FP16,500.0,1.0
1,51,INT8,500.0,0.96
1,52,FP32,500.0,1.0
1,52,FP16,500.0,1.0
1,52,INT8,500.0,0.976
1,53,FP32,500.0,1.0
1,53,FP16,500.0,1.0
1,53,INT8,500.0,0.966
1,54,FP32,500.0,1.0
1,54,FP16,500.0,1.0
1,54,INT8,500.0,0.97
1,55,FP32,500.0,1.0
1,55,FP16,500.0,1.0
1,55,INT8,500.0,0.964
1,56,FP32,500.0,1.0
1,56,FP16,500.0,1.0
1,56,INT8,500.0,0.93
1,57,FP32,500.0,1.0
1,57,FP16,500.0,1.0
1,57,INT8,500.0,0.962
1,58,FP32,500.0,1.0
1,58,FP16,500.0,1.0
1,58,INT8,500.0,0.964
1,59,FP32,500.0,1.0
1,59,FP16,500.0,1.0
1,59,INT8,500.0,0.964
1,60,FP32,500.0,1.0
1,60,FP16,500.0,1.0
1,60,INT8,500.0,0.974
1,61,FP32,500.0,1.0
1,61,FP16,500.0,1.0
1,61,INT8,500.0,0.974
1,62,FP32,500.0,1.0
1,62,FP16,500.0,1.0
1,62,INT8,500.0,0.968
1,63,FP32,500.0,1.0
1,63,FP16,500.0,1.0
1,63,INT8,500.0,0.972
1,64,FP32,500.0,1.0
1,64,FP16,500.0,1.0
1,64,INT8,500.0,0.968
1,65,FP32,500.0,1.0
1,65,FP16,500.0,1.0
1,65,INT8,500.0,0.972
1,66,FP32,500.0,1.0
1,66,FP16,500.0,1.0
1,66,INT8,500.0,0.956
1,67,FP32,500.0,1.0
1,67,FP16,500.0,1.0
1,67,INT8,500.0,0.968
1,68,FP32,500.0,1.0
1,68,FP16,500.0,1.0
1,68,INT8,500.0,0.97
1,69,FP32,500.0,1.0
1,69,FP16,500.0,1.0
1,69,INT8,500.0,0.962
1,70,FP32,500.0,1.0
1,70,FP16,500.0,1.0
1,70,INT8,500.0,0.96
1,71,FP32,500.0,1.0
1,71,FP16,500.0,1.0
1,71,INT8,500.0,0.946
1,72,FP32,500.0,1.0
1,72,FP16,500.0,1.0
1,72,INT8,500.0,0.948
1,73,FP32,500.0,1.0
1,73,FP16,500.0,1.0
1,73,INT8,500.0,0.978
1,74,FP32,500.0,1.0
1,74,FP16,500.0,1.0
1,74,INT8,500.0,0.966
1,75,FP32,500.0,1.0
1,75,FP16,500.0,1.0
1,75,INT8,500.0,0.968
1,76,FP32,500.0,1.0
1,76,FP16,500.0,1.0
1,76,INT8,500.0,0.964
1,77,FP32,500.0,1.0
1,77,FP16,500.0,1.0
1,77,INT8,500.0,0.974
1,78,FP32,500.0,1.0
1,78,FP16,500.0,1.0
1,78,INT8,500.0,0.952
1,79,FP32,500.0,1.0
1,79,FP16,500.0,1.0
1,79,INT8,500.0,0.958
1,80,FP32,500.0,1.0
1,80,FP16,500.0,1.0
1,80,INT8,500.0,0.964
1,81,FP32,500.0,1.0
1,81,FP16,500.0,1.0
1,81,INT8,500.0,0.972
1,82,FP32,500.0,1.0
1,82,FP16,500.0,1.0
1,82,INT8,500.0,0.962
1,83,FP32,500.0,1.0
1,83,FP16,500.0,1.0
1,83,INT8,500.0,0.972
1,84,FP32,500.0,1.0
1,84,FP16,500.0,0.998
1,84,INT8,500.0,0.976
1,85,FP32,500.0,1.0
1,85,FP16,500.0,1.0
1,85,INT8,500.0,0.952
1,86,FP32,500.0,1.0
1,86,FP16,500.0,1.0
1,86,INT8,500.0,0.964
1,87,FP32,500.0,1.0
1,87,FP16,500.0,1.0
1,87,INT8,500.0,0.972
1,88,FP32,500.0,1.0
1,88,FP16,500.0,1.0
1,88,INT8,500.0,0.956
1,89,FP32,500.0,1.0
1,89,FP16,500.0,1.0
1,89,INT8,500.0,0.926
1,90,FP32,500.0,1.0
1,90,FP16,500.0,1.0
1,90,INT8,500.0,0.952
1,91,FP32,500.0,1.0
1,91,FP16,500.0,0.998
1,91,INT8,500.0,0.968
1,92,FP32,500.0,1.0
1,92,FP16,500.0,1.0
1,92,INT8,500.0,0.956
1,93,FP32,500.0,1.0
1,93,FP16,500.0,1.0
1,93,INT8,500.0,0.968
1,94,FP32,500.0,1.0
1,94,FP16,500.0,1.0
1,94,INT8,500.0,0.972
1,95,FP32,500.0,1.0
1,95,FP16,500.0,1.0
1,95,INT8,500.0,0.972
1,96,FP32,500.0,1.0
1,96,FP16,500.0,1.0
1,96,INT8,500.0,0.976
1,97,FP32,500.0,1.0
1,97,FP16,500.0,1.0
1,97,INT8,500.0,0.966
1,98,FP32,500.0,1.0
1,98,FP16,500.0,1.0
1,98,INT8,500.0,0.978
1,99,FP32,500.0,1.0
1,99,FP16,500.0,1.0
1,99,INT8,500.0,0.964
2,0,FP32,500.0,1.0
2,0,FP16,500.0,1.0
2,0,INT8,500.0,0.956
2,1,FP32,500.0,1.0
2,1,FP16,500.0,1.0
2,1,INT8,500.0,0.976
2,2,FP32,500.0,1.0
2,2,FP16,500.0,1.0
2,2,INT8,500.0,0.912
2,3,FP32,500.0,1.0
2,3,FP16,500.0,1.0
2,3,INT8,500.0,0.974
2,4,FP32,500.0,1.0
2,4,FP16,500.0,1.0
2,4,INT8,500.0,0.986
2,5,FP32,500.0,1.0
2,5,FP16,500.0,1.0
2,5,INT8,500.0,0.936
2,6,FP32,500.0,1.0
2,6,FP16,500.0,1.0
2,6,INT8,500.0,0.962
2,7,FP32,500.0,1.0
2,7,FP16,500.0,1.0
2,7,INT8,500.0,0.974
2,8,FP32,500.0,1.0
2,8,FP16,500.0,1.0
2,8,INT8,500.0,0.936
2,9,FP32,500.0,1.0
2,9,FP16,500.0,1.0
2,9,INT8,500.0,0.972
2,10,FP32,500.0,1.0
2,10,FP16,500.0,1.0
2,10,INT8,500.0,0.964
2,11,FP32,500.0,1.0
2,11,FP16,500.0,1.0
2,11,INT8,500.0,0.974
2,12,FP32,500.0,1.0
2,12,FP16,500.0,1.0
2,12,INT8,500.0,0.972
2,13,FP32,500.0,1.0
2,13,FP16,500.0,1.0
2,13,INT8,500.0,0.976
2,14,FP32,500.0,1.0
2,14,FP16,500.0,1.0
2,14,INT8,500.0,0.964
2,15,FP32,500.0,1.0
2,15,FP16,500.0,1.0
2,15,INT8,500.0,0.966
2,16,FP32,500.0,1.0
2,16,FP16,500.0,1.0
2,16,INT8,500.0,0.972
2,17,FP32,500.0,1.0
2,17,FP16,500.0,1.0
2,17,INT8,500.0,0.974
2,18,FP32,500.0,1.0
2,18,FP16,500.0,1.0
2,18,INT8,500.0,0.958
2,19,FP32,500.0,1.0
2,19,FP16,500.0,1.0
2,19,INT8,500.0,0.968
2,20,FP32,500.0,1.0
2,20,FP16,500.0,1.0
2,20,INT8,500.0,0.976
2,21,FP32,500.0,1.0
2,21,FP16,500.0,1.0
2,21,INT8,500.0,0.962
2,22,FP32,500.0,1.0
2,22,FP16,500.0,1.0
2,22,INT8,500.0,0.97
2,23,FP32,500.0,1.0
2,23,FP16,500.0,1.0
2,23,INT8,500.0,0.95
2,24,FP32,500.0,1.0
2,24,FP16,500.0,0.998
2,24,INT8,500.0,0.96
2,25,FP32,500.0,1.0
2,25,FP16,500.0,1.0
2,25,INT8,500.0,0.974
2,26,FP32,500.0,1.0
2,26,FP16,500.0,1.0
2,26,INT8,500.0,0.938
2,27,FP32,500.0,1.0
2,27,FP16,500.0,1.0
2,27,INT8,500.0,0.956
2,28,FP32,500.0,1.0
2,28,FP16,500.0,1.0
2,28,INT8,500.0,0.948
2,29,FP32,500.0,1.0
2,29,FP16,500.0,1.0
2,29,INT8,500.0,0.972
2,30,FP32,500.0,1.0
2,30,FP16,500.0,1.0
2,30,INT8,500.0,0.978
2,31,FP32,500.0,1.0
2,31,FP16,500.0,1.0
2,31,INT8,500.0,0.96
2,32,FP32,500.0,1.0
2,32,FP16,500.0,1.0
2,32,INT8,500.0,0.976
2,33,FP32,500.0,1.0
2,33,FP16,500.0,1.0
2,33,INT8,500.0,0.98
2,34,FP32,500.0,1.0
2,34,FP16,500.0,1.0
2,34,INT8,500.0,0.956
2,35,FP32,500.0,1.0
2,35,FP16,500.0,1.0
2,35,INT8,500.0,0.974
2,36,FP32,500.0,1.0
2,36,FP16,500.0,1.0
2,36,INT8,500.0,0.97
2,37,FP32,500.0,1.0
2,37,FP16,500.0,1.0
2,37,INT8,500.0,0.984
2,38,FP32,500.0,1.0
2,38,FP16,500.0,1.0
2,38,INT8,500.0,0.966
2,39,FP32,500.0,1.0
2,39,FP16,500.0,1.0
2,39,INT8,500.0,0.93
2,40,FP32,500.0,1.0
2,40,FP16,500.0,1.0
2,40,INT8,500.0,0.974
2,41,FP32,500.0,1.0
2,41,FP16,500.0,1.0
2,41,INT8,500.0,0.97
2,42,FP32,500.0,1.0
2,42,FP16,500.0,1.0
2,42,INT8,500.0,0.938
2,43,FP32,500.0,1.0
2,43,FP16,500.0,1.0
2,43,INT8,500.0,0.974
2,44,FP32,500.0,1.0
2,44,FP16,500.0,1.0
2,44,INT8,500.0,0.966
2,45,FP32,500.0,1.0
2,45,FP16,500.0,1.0
2,45,INT8,500.0,0.94
2,46,FP32,500.0,1.0
2,46,FP16,500.0,1.0
2,46,INT8,500.0,0.982
2,47,FP32,500.0,1.0
2,47,FP16,500.0,1.0
2,47,INT8,500.0,0.96
2,48,FP32,500.0,1.0
2,48,FP16,500.0,1.0
2,48,INT8,500.0,0.958
2,49,FP32,500.0,1.0
2,49,FP16,500.0,1.0
2,49,INT8,500.0,0.96
2,50,FP32,500.0,1.0
2,50,FP16,500.0,1.0
2,50,INT8,500.0,0.97
2,51,FP32,500.0,1.0
2,51,FP16,500.0,1.0
2,51,INT8,500.0,0.97
2,52,FP32,500.0,1.0
2,52,FP16,500.0,1.0
2,52,INT8,500.0,0.972
2,53,FP32,500.0,1.0
2,53,FP16,500.0,1.0
2,53,INT8,500.0,0.974
2,54,FP32,500.0,1.0
2,54,FP16,500.0,1.0
2,54,INT8,500.0,0.962
2,55,FP32,500.0,1.0
2,55,FP16,500.0,1.0
2,55,INT8,500.0,0.974
2,56,FP32,500.0,1.0
2,56,FP16,500.0,1.0
2,56,INT8,500.0,0.966
2,57,FP32,500.0,1.0
2,57,FP16,500.0,1.0
2,57,INT8,500.0,0.952
2,58,FP32,500.0,1.0
2,58,FP16,500.0,1.0
2,58,INT8,500.0,0.966
2,59,FP32,500.0,1.0
2,59,FP16,500.0,1.0
2,59,INT8,500.0,0.966
2,60,FP32,500.0,1.0
2,60,FP16,500.0,1.0
2,60,INT8,500.0,0.974
2,61,FP32,500.0,1.0
2,61,FP16,500.0,1.0
2,61,INT8,500.0,0.962
2,62,FP32,500.0,1.0
2,62,FP16,500.0,1.0
2,62,INT8,500.0,0.96
2,63,FP32,500.0,1.0
2,63,FP16,500.0,1.0
2,63,INT8,500.0,0.97
2,64,FP32,500.0,1.0
2,64,FP16,500.0,1.0
2,64,INT8,500.0,0.97
2,65,FP32,500.0,1.0
2,65,FP16,500.0,0.998
2,65,INT8,500.0,0.964
2,66,FP32,500.0,1.0
2,66,FP16,500.0,1.0
2,66,INT8,500.0,0.966
2,67,FP32,500.0,1.0
2,67,FP16,500.0,1.0
2,67,INT8,500.0,0.972
2,68,FP32,500.0,1.0
2,68,FP16,500.0,1.0
2,68,INT8,500.0,0.98
2,69,FP32,500.0,1.0
2,69,FP16,500.0,1.0
2,69,INT8,500.0,0.968
2,70,FP32,500.0,1.0
2,70,FP16,500.0,1.0
2,70,INT8,500.0,0.958
2,71,FP32,500.0,1.0
2,71,FP16,500.0,1.0
2,71,INT8,500.0,0.964
2,72,FP32,500.0,1.0
2,72,FP16,500.0,1.0
2,72,INT8,500.0,0.972
2,73,FP32,500.0,1.0
2,73,FP16,500.0,1.0
2,73,INT8,500.0,0.93
2,74,FP32,500.0,1.0
2,74,FP16,500.0,1.0
2,74,INT8,500.0,0.964
2,75,FP32,500.0,1.0
2,75,FP16,500.0,1.0
2,75,INT8,500.0,0.954
2,76,FP32,500.0,1.0
2,76,FP16,500.0,1.0
2,76,INT8,500.0,0.954
2,77,FP32,500.0,1.0
2,77,FP16,500.0,1.0
2,77,INT8,500.0,0.936
2,78,FP32,500.0,1.0
2,78,FP16,500.0,1.0
2,78,INT8,500.0,0.972
2,79,FP32,500.0,1.0
2,79,FP16,500.0,1.0
2,79,INT8,500.0,0.966
2,80,FP32,500.0,1.0
2,80,FP16,500.0,1.0
2,80,INT8,500.0,0.962
2,81,FP32,500.0,1.0
2,81,FP16,500.0,1.0
2,81,INT8,500.0,0.974
2,82,FP32,500.0,1.0
2,82,FP16,500.0,1.0
2,82,INT8,500.0,0.966
2,83,FP32,500.0,1.0
2,83,FP16,500.0,1.0
2,83,INT8,500.0,0.972
2,84,FP32,500.0,1.0
2,84,FP16,500.0,1.0
2,84,INT8,500.0,0.972
2,85,FP32,500.0,1.0
2,85,FP16,500.0,1.0
2,85,INT8,500.0,0.96
2,86,FP32,500.0,1.0
2,86,FP16,500.0,1.0
2,86,INT8,500.0,0.97
2,87,FP32,500.0,1.0
2,87,FP16,500.0,1.0
2,87,INT8,500.0,0.962
2,88,FP32,500.0,1.0
2,88,FP16,500.0,1.0
2,88,INT8,500.0,0.972
2,89,FP32,500.0,1.0
2,89,FP16,500.0,1.0
2,89,INT8,500.0,0.972
2,90,FP32,500.0,1.0
2,90,FP16,500.0,1.0
2,90,INT8,500.0,0.938
2,91,FP32,500.0,1.0
2,91,FP16,500.0,1.0
2,91,INT8,500.0,0.95
2,92,FP32,500.0,1.0
2,92,FP16,500.0,1.0
2,92,INT8,500.0,0.958
2,93,FP32,500.0,1.0
2,93,FP16,500.0,1.0
2,93,INT8,500.0,0.974
2,94,FP32,500.0,1.0
2,94,FP16,500.0,1.0
2,94,INT8,500.0,0.966
2,95,FP32,500.0,1.0
2,95,FP16,500.0,1.0
2,95,INT8,500.0,0.888
2,96,FP32,500.0,1.0
2,96,FP16,500.0,1.0
2,96,INT8,500.0,0.972
2,97,FP32,500.0,1.0
2,97,FP16,500.0,1.0
2,97,INT8,500.0,0.976
2,98,FP32,500.0,1.0
2,98,FP16,500.0,1.0
2,98,INT8,500.0,0.976
2,99,FP32,500.0,1.0
2,99,FP16,500.0,1.0
2,99,INT8,500.0,0.978
