model,batch,latency_mean_ms,latency_p95_ms,latency_std_ms,throughput,avg_power_w,fps_per_watt,energy_per_sample_mj
PYTORCH,1,0.6574346019970108,1.3056525498541305,0.398499847850983,1299.0251549513737,4.800434782608695,270.6057292263526,3.695413259944447
PYTORCH,1,0.640797455493157,0.9834232003868236,0.3025122634431483,1311.7644745564205,4.815521739130435,272.4033958557713,3.671026188416047
PYTORCH,1,0.6410363630002394,0.9163716503280738,0.3637664282498574,1313.175068256599,4.795826086956522,273.8162402986453,3.6520843281951514
PYTORCH,2,0.5698985520011774,0.8408297996993497,0.1847181395939887,2926.415662263187,4.59,637.5633251118055,1.568471649188159
PYTORCH,2,0.5448326184782672,0.873192399740219,0.232946769366804,3014.4157121488606,4.553809523809524,661.9547208525156,1.5106773446862407
PYTORCH,2,0.5683323870157437,0.8472106504996186,0.2181952810637356,2918.2649748593144,4.584999999999999,636.4809105472879,1.5711390293546037
PYTORCH,4,0.617414328002269,0.921122999397994,0.202806579081853,5436.433530204933,4.61895652173913,1176.98304901082,0.8496299082985408
PYTORCH,4,0.5249481415094124,0.7226629497381507,0.204867949237975,6227.234611927572,4.636142857142858,1343.1929955163776,0.7444946506853691
PYTORCH,4,0.5919534649983689,0.7337750000715458,0.1920768490021091,5619.423440466316,4.645181818181818,1209.7316446196346,0.8266296119867322
PYTORCH,8,0.6005241765155915,0.9530584001822716,0.3388214589547099,11051.40485265412,4.746863636363637,2328.1487944996275,0.429525811392533
PYTORCH,8,0.7033540025004186,1.1194998001883505,0.3377311858059745,9675.485030311082,4.851083333333333,1994.499860232817,0.5013788268118858
PYTORCH,8,0.6174799409955085,1.1345077995883908,0.3598404569369332,10862.563807968452,4.822391304347827,2252.5264173761384,0.4439459587625404
PYTORCH,16,0.6123861995206425,0.9510894000413824,0.310281759207183,21741.058329031093,4.818347826086956,4512.139661508682,0.2216243456581393
PYTORCH,16,0.6040560244919106,0.9162029502022048,0.2787760922896227,22003.823274312843,4.841434782608695,4544.897176629237,0.2200269799594583
PYTORCH,16,0.6061383244982608,1.0253169994484774,0.3898386326105375,21950.674121605152,4.789181818181819,4583.387090937086,0.2181792591721829
PYTORCH,32,0.6203276185042341,0.9831592000409728,0.3723088551177066,42937.53199010292,4.830391304347825,8889.038027096261,0.1124981125012315
PYTORCH,32,0.5932399829998758,0.993669599984059,0.3515071263680403,44416.916844317806,4.762999999999999,9325.407693537229,0.1072339175790704
PYTORCH,32,0.6404247350078549,1.318882949908584,0.3652707833897844,42100.5010095844,4.795521739130436,8779.128382643597,0.113906524248695
FP32,1,0.3226306721655116,0.3821716999633888,0.2776879133527191,2853.401101275776,4.060644444444445,702.671215484333,1.423965525479791
FP32,2,0.3980680046729503,0.5335896669294016,0.334383551285766,4827.115306389797,4.063751096491228,1188.2550434019422,0.8726548004262721
FP32,4,0.390028049330643,0.528453666781085,0.3270128404971084,9820.814433993755,4.053595394736842,2422.119752819878,0.426675805192947
FP32,8,0.388754655659189,0.5300525997123865,0.3293912987432941,19554.39685059463,4.062475877192983,4810.330574053595,0.2129412334423213
FP32,16,0.4110712526529217,0.6446935332557283,0.3406868029547363,36967.14387838163,4.05565834623323,9111.711138023578,0.1121955732593045
FP32,32,0.3549957346742,0.3993642839456394,0.3092138672127815,83342.85861509311,4.079791666666666,20426.305391169702,0.0489628354324135
FP16,1,0.3991861381694737,0.6628117494377269,0.3431093255006376,2387.3304095867275,4.073635964912281,586.8659105865307,1.754220979342507
FP16,2,0.3328238846699302,0.3913687499031463,0.2794758625033294,5540.912477390525,4.112333333333333,1347.4801449934637,0.7422026166182727
FP16,4,0.3713541008388953,0.6635381332671386,0.3152557933740354,10035.133733796936,4.057834558823529,2472.8160800400565,0.4063973483031036
FP16,8,0.337905614670035,0.3867039832584851,0.2891801158868779,21849.78385816129,4.186958333333333,5223.298476718232,0.1915452075215248
FP16,16,0.3448888521714555,0.3978122834723763,0.2904056475124512,42855.77585973958,4.080979166666666,10500.576543267198,0.095272182854675
FP16,32,0.4307929520067167,0.6727893662324883,0.3471649340219051,71048.94245378338,4.220944852941177,16859.837882027616,0.0609810944557813
INT8,1,0.3198474176691282,0.3963552000035027,0.2995793911101548,2863.350305372706,4.056031944444444,706.0682541376245,1.4168959076654188
INT8,2,0.3113587689987677,0.3866741167257714,0.284768964772258,5885.31476074427,4.051066666666666,1452.726566410299,0.6884359615750165
INT8,4,0.3266419774954556,0.5204325502442467,0.28384381368295,11253.726530343103,4.191818055555555,2689.704298173456,0.3729471975100805
INT8,8,0.3533350076671316,0.5011137994642922,0.3116436983233003,21512.082009754173,4.055788888888888,5305.7941608877445,0.1943595130587311
INT8,16,0.3619096660010352,0.4983950498475072,0.3146065744310386,42332.499465859015,4.050566666666667,10448.100720829609,0.0993310804936242
INT8,32,0.3146767126640952,0.3734151334204701,0.2748851821327573,93248.17738106949,4.041280555555556,23073.307383422736,0.0433733680333985
