model,batch,latency_mean_ms_mean,latency_mean_ms_std,latency_p95_ms_mean,latency_p95_ms_std,latency_std_ms_mean,throughput_mean,throughput_std,avg_power_w_mean,avg_power_w_std
FP16,1,0.3991861381694737,,0.6628117494377269,,0.3431093255006376,2387.3304095867275,,4.073635964912281,
FP16,2,0.3328238846699302,,0.3913687499031463,,0.2794758625033294,5540.912477390525,,4.112333333333333,
FP16,4,0.3713541008388953,,0.6635381332671386,,0.3152557933740354,10035.133733796936,,4.057834558823529,
FP16,8,0.337905614670035,,0.3867039832584851,,0.2891801158868779,21849.78385816129,,4.186958333333333,
FP16,16,0.3448888521714555,,0.3978122834723763,,0.2904056475124512,42855.77585973958,,4.080979166666666,
FP16,32,0.4307929520067167,,0.6727893662324883,,0.3471649340219051,71048.94245378338,,4.220944852941177,
FP32,1,0.3226306721655116,,0.3821716999633888,,0.2776879133527191,2853.401101275776,,4.060644444444445,
FP32,2,0.3980680046729503,,0.5335896669294016,,0.334383551285766,4827.115306389797,,4.063751096491228,
FP32,4,0.390028049330643,,0.528453666781085,,0.3270128404971084,9820.814433993755,,4.053595394736842,
FP32,8,0.388754655659189,,0.5300525997123865,,0.3293912987432941,19554.39685059463,,4.062475877192983,
FP32,16,0.4110712526529217,,0.6446935332557283,,0.3406868029547363,36967.14387838163,,4.05565834623323,
FP32,32,0.3549957346742,,0.3993642839456394,,0.3092138672127815,83342.85861509311,,4.079791666666666,
INT8,1,0.3198474176691282,,0.3963552000035027,,0.2995793911101548,2863.350305372706,,4.056031944444444,
INT8,2,0.3113587689987677,,0.3866741167257714,,0.284768964772258,5885.31476074427,,4.051066666666666,
INT8,4,0.3266419774954556,,0.5204325502442467,,0.28384381368295,11253.726530343103,,4.191818055555555,
INT8,8,0.3533350076671316,,0.5011137994642922,,0.3116436983233003,21512.082009754173,,4.055788888888888,
INT8,16,0.3619096660010352,,0.4983950498475072,,0.3146065744310386,42332.499465859015,,4.050566666666667,
INT8,32,0.3146767126640952,,0.3734151334204701,,0.2748851821327573,93248.17738106949,,4.041280555555556,
PYTORCH,1,0.6464228068301358,0.009537242462952518,1.0684824668563426,0.20811346374803208,0.3549261798479962,1307.988232588131,7.794229544262197,4.8039275362318845,0.01030190150133268
PYTORCH,2,0.5610211858317294,0.014041563406849936,0.8537442833130625,0.017142075097752917,0.21195339667484278,2953.032116423787,53.315736836260044,4.576269841269841,0.01961120586077422
PYTORCH,4,0.5781053115033501,0.04776324347810915,0.7925203164025635,0.11151168983954265,0.19991712577397905,5761.03052753294,413.9818994159585,4.633427065687935,0.013321906237348262
PYTORCH,8,0.6404527066705062,0.05512988527183978,1.0690219999863377,0.10070738488877602,0.3454643672325392,10529.817896977884,745.8744668775245,4.806779424681599,0.05383525238306617
PYTORCH,16,0.6075268495036047,0.004335199565207592,0.9642031165640216,0.055726529647077486,0.3262988280357811,21898.518574983027,138.92985604188712,4.8163214756258235,0.026185351725584605
PYTORCH,32,0.6179974455039883,0.023678523711834914,1.0985705833112052,0.1908684659223316,0.36302892162517714,43151.64994800171,1172.9579936093098,4.796304347826086,0.03370246775390791
