seed,precision,batch,latency_mean_ms,latency_p95_ms,latency_std_ms,latency_ci95_ms,kernel_mean_ms,throughput,avg_power_w,fps_per_watt,energy_per_sample_mj
0,FP32,1,0.31699703249523736,0.7100530001480365,0.1808330425235229,0.007925357522949863,0.11003260810673236,2920.7465571353105,4.222666666666666,691.6829547999631,1.4457490864281934
0,FP32,2,0.25302048650064535,0.3192991994183103,0.10385671423258681,0.004551721189699146,0.11398297603055835,7219.437363373006,4.231,1706.3193957393064,0.5860567502760669
0,FP32,4,0.29603726600817026,0.699695000093925,0.16107744524422452,0.00705953029727849,0.11213838399574161,12472.94155139317,4.257266666666665,2929.8003925977173,0.3413201808992
0,FP32,8,0.3078032965049715,0.7075930489008897,0.17884695939425704,0.007838313591984185,0.11183396799862384,24092.613633008372,4.222666666666666,5705.544750475618,0.17526810212410296
0,FP32,16,0.2576384989924918,0.29471424904841115,0.11925965395506744,0.005226784787045996,0.114633455991745,56980.19050198562,4.243642857142857,13427.188012788856,0.07447575762308088
0,FP32,32,0.37672312901486293,0.7237915991026966,0.2220841619004487,0.009733267541615253,0.11285681598633528,79434.2976279658,4.195875,18931.521465240457,0.05282195632485572
0,FP16,1,0.25294614999802434,0.3154397498292383,0.10387673568945907,0.004552598668735215,0.11738707206770778,3612.1850749361743,4.208142857142857,858.3798596107282,1.1649853952229212
0,FP16,2,0.3145575199978339,0.7170895500166807,0.1880693425072761,0.008242502352867219,0.1119483360722661,5894.814700812749,4.207199999999999,1401.125380493618,0.7137120017394153
0,FP16,4,0.28825604152098094,0.7030671508800879,0.16413351326435813,0.0071934683836813755,0.11060668809339404,12811.921154379173,4.262066666666666,3006.0349019362693,0.3326641348561431
0,FP16,8,0.28022148149375425,0.6899653998516441,0.15366789661996963,0.0067347925109125795,0.11243156809732317,26323.608884415164,4.242866666666667,6204.203655802326,0.1611810403845746
0,FP16,16,0.2975047130003077,0.706326799991075,0.16188046658627198,0.007094724259319233,0.11278598404303193,49713.881155958305,4.238533333333333,11729.029182097182,0.0852585482118476
0,FP16,32,0.2561533970438177,0.2925860514551459,0.11291584150611716,0.004948754947947696,0.11470580807700753,114659.4073121222,4.258928571428571,26922.124987332678,0.03714417047207519
0,INT8,1,0.27641397299521486,0.6962685997677909,0.16347116642127732,0.007164439753391478,0.10034809602424502,3326.918889547365,4.225266666666666,787.3867265689026,1.2700239491686325
0,INT8,2,0.2404448994766426,0.3076209995924728,0.10666779622284119,0.0046749222899416165,0.10429835208132864,7587.548424826866,4.248785714285715,1785.8157447939093,0.5599681842403088
0,INT8,4,0.3770835190161961,0.7270954002706276,0.2632656492668467,0.011538125802865222,0.0987593921199441,9905.231720265634,4.228937500000001,2342.250676503408,0.42693978489648
0,INT8,8,0.24708788199859555,0.2933751997261424,0.08206092178135256,0.0035964784682281903,0.10269694404304028,29581.562493967318,4.222357142857143,7005.9356641608865,0.14273610948435278
0,INT8,16,0.24118911598270643,0.25386299976162263,0.10273789669807815,0.004502686849292176,0.10336172805726528,60631.92896600975,4.931071428571428,12295.893467431542,0.08132796552350803
0,INT8,32,0.5347833869827809,0.7153219994506799,0.239487268083096,0.01049599229911856,0.09565804841369391,55884.34903716824,4.262300000000001,13111.312914897646,0.07627001250681435
1,FP32,1,0.517201147018568,0.7170196497099823,0.21856429280522421,0.00957900247686633,0.09603929604589939,1805.5946860523525,4.514526315789475,399.95218983159265,2.5002988492726312
1,FP32,2,0.5211965374883221,0.7170536002377048,0.23879714879683295,0.01046574648783987,0.09864056007564068,3583.5330902957903,4.255684210526316,842.0580365037475,1.1875666006965895
1,FP32,4,0.5142493820021627,0.7174385985308618,0.24371619693762986,0.010681333277977222,0.09753744000568985,7263.894271630916,4.245315789473685,1711.0374426425083,0.584440746343698
1,FP32,8,0.49153670702344243,0.7212780001282226,0.2538992204399586,0.01112762396022385,0.10169521589577198,15214.415984744195,4.243631578947368,3585.234887077103,0.27892175310590583
1,FP32,16,0.29836709300980147,0.7015064492406964,0.17200956361319075,0.007538651509575708,0.11235644793137908,49622.64698465644,4.206666666666666,11796.191834704387,0.08477312119136626
1,FP32,32,0.3244511710026927,0.7109579984899028,0.19299478591041996,0.008458369427734865,0.11330252801999449,91291.59230682201,4.358866666666667,20943.882731020756,0.047746638617244694
1,FP16,1,0.37498187851451803,0.7250912007293664,0.24609924281811246,0.010785774868589516,0.10782340778782963,2485.370605331043,4.2520625,584.5094246218259,1.7108364003659888
1,FP16,2,0.2951042894992497,0.7087701501404808,0.1746926117147891,0.0076562412772403915,0.11111398393660783,6267.717240339294,4.2772,1465.3785748478665,0.6824175111907983
1,FP16,4,0.31088326448389125,0.7168368507336709,0.18591232147097184,0.008147966737812179,0.11032062398269772,11929.794181243147,4.212,2832.334800864945,0.3530656049894305
1,FP16,8,0.3213653164802963,0.719202599793789,0.19174397608628932,0.008403550270178724,0.11179785595461726,23101.186797644383,4.193866666666667,5508.326476198031,0.1815433424872489
1,FP16,16,0.2570205870042628,0.3438060512962693,0.1091505996261319,0.004783735946758323,0.11599126402661204,57065.55787064393,4.219571428571428,13524.017506669856,0.07394252480868307
1,FP16,32,0.3041704860133905,0.7113962004950736,0.19199722286543397,0.008414649299638432,0.11450649601593614,97385.05425977253,4.22,23077.02707577548,0.04333313804747945
1,INT8,1,0.26063145799798804,0.4664622509153501,0.1359986483682159,0.005960403562948663,0.10275542410463094,3515.2467924021016,4.210999999999999,834.7772007604137,1.19792442712748
1,INT8,2,0.3475369529951422,0.7208110005194612,0.2524589510800933,0.011064501372410298,0.10181228816881775,5355.639945029596,4.217437500000001,1269.8800978152242,0.7874759213255317
1,INT8,4,0.2927790814992477,0.705508199189353,0.17770927083334645,0.007788452192379553,0.10492270407453179,12608.770444798567,4.230666666666666,2980.327082760456,0.3355336418557705
1,INT8,8,0.34319870650506346,0.7095539988767996,0.22315698316414861,0.009780286006572722,0.09953294401988387,21606.28513006125,4.3419375,4976.185200745346,0.20095715084121413
1,INT8,16,0.28364334149227943,0.6930570008080393,0.16693517502726946,0.007316256624257276,0.10217201605066657,51951.058446887095,4.254133333333333,12211.90178498255,0.08188732742919197
1,INT8,32,0.27491226899292087,0.6785590000617957,0.15520744757286303,0.006802266306388266,0.10223702405020595,107078.8029851833,4.2305,25311.14596033171,0.0395082862533062
2,FP32,1,0.32763525000336813,0.7165233490923129,0.19669062649538818,0.0086203467830619,0.10943563205003738,2836.7252032904844,4.183733333333333,678.0368100158913,1.4748461812516682
2,FP32,2,0.24480326900356886,0.30207019926820067,0.029122261098052202,0.0012763393672853508,0.11364447994157673,7476.955960978593,4.196714285714285,1781.6213952020341,0.5612864790987768
2,FP32,4,0.30894361699301953,0.7116225499885331,0.20468437992392843,0.008970688473869025,0.11322638399899006,12017.19095219599,4.214666666666667,2851.2790933713986,0.35071978829599026
2,FP32,8,0.2833617935075381,0.6636668002101942,0.17020194497958788,0.0074594291299899355,0.11459916799142957,26105.633499235675,4.362466666666666,5984.145093579094,0.16710824760465556
2,FP32,16,0.3073389229930399,0.7088834016030887,0.21253500385598043,0.009314757237914981,0.11406750408187509,48237.72595694191,4.2455333333333325,11361.994399669124,0.08801271720650745
2,FP32,32,0.3120700549943649,0.712369149823644,0.2038208485125685,0.008932842541113484,0.11685107190534473,95047.83380264856,4.296399999999999,22122.668699992686,0.04520250307777427
2,FP16,1,0.2635044324761111,0.3183643500960897,0.13081375371961057,0.005733165535895718,0.11186459201574325,3479.5951278810644,4.239571428571429,820.742187389812,1.2184094047611682
2,FP16,2,0.27746693200788286,0.6758665999768709,0.15357228539872872,0.006730602164386494,0.11237747186422348,6640.001703564253,4.234466666666667,1568.0845372650438,0.6377207199199466
2,FP16,4,0.25013131797913957,0.2947566010334412,0.10082194320899407,0.004418716485323106,0.11259702407196163,14626.987929256415,4.216714285714285,3468.811718833043,0.2882831589188744
2,FP16,8,0.3481224194974857,0.7232160005514743,0.2133269056128087,0.009349463862646464,0.11006200005859136,21416.01241921691,4.2158750000000005,5079.849952671013,0.196856208218157
2,FP16,16,0.2518571155078462,0.31653399864808307,0.10736905799403408,0.004705656442153637,0.1169994240142405,58150.36021140625,4.250928571428571,13679.448909644743,0.073102360088128
2,FP16,32,0.3493010850124847,0.7304948010641965,0.23348621923855228,0.010232984737325711,0.11342358396947384,85482.03845728097,4.2078750000000005,20314.776094176028,0.049225253350770944
2,INT8,1,0.24172464851289988,0.28411459943527,0.10004227543820993,0.004384546038670461,0.10504251195117831,3771.6821276109417,4.228071428571428,892.057334254949,1.1210041794401089
2,INT8,2,0.24713565901038237,0.2876995998121856,0.11705410520568439,0.005130122351192317,0.10427409596368671,7388.88138824781,4.199571428571429,1759.4370077808846,0.5683636274431129
2,INT8,4,0.30389281100997323,0.7120432004739996,0.20376081347585587,0.00893021138962031,0.10340036813169717,12185.48857946825,4.204,2898.5462843644746,0.345000528504328
2,INT8,8,0.2850798664867398,0.6987371992181578,0.1675524337069535,0.007343309178659791,0.10197049602121115,25862.239090619496,4.206666666666666,6147.917374949167,0.16265670779420133
2,INT8,16,0.2948849364856869,0.7043788489681901,0.20045941090546918,0.008785521042478157,0.10481254401430487,50099.62106118088,4.230666666666666,11842.015693629266,0.08444508315742033
2,INT8,32,0.2927334754840558,0.7008101990322757,0.17532428193055027,0.00768392544505975,0.10221705617755651,100800.37513859599,4.2093333333333325,23946.874043062086,0.041759103848033184
