precision,batch,latency_mean_ms,latency_mean_ms_std,latency_p95_ms,latency_p95_ms_std,latency_std_ms,latency_std_ms_std,latency_ci95_ms_mean,latency_ci95_ms_std,kernel_mean_ms,kernel_mean_ms_std,throughput,throughput_std,avg_power_w,avg_power_w_std,energy_per_sample_mj,energy_per_sample_mj_std,fps_per_watt,fps_per_watt_std,throughput_per_sample,energy_per_throughput,scaling_efficiency,latency_growth_factor
FP16,1,0.2971441536628845,0.06761584791881801,0.4529651002182315,0.23567265275425456,0.16026324407572737,0.07554644098279037,0.007023846357740149,0.003310968758915627,0.11235835729042688,0.004800913634342619,3192.383602716094,615.8697568224671,4.233258928571428,0.022630057431704525,1.364743733450026,0.3009129970083351,754.543823874122,148.45174734360387,3192.383602716094,0.0013260495778044193,1.0,1.0
FP16,2,0.29570958050165547,0.01855270094240376,0.7005754333780109,0.021799035290787402,0.17211141320693132,0.01739277656357145,0.007543115264831368,0.0007622720419867756,0.11181326395769914,0.0006424825234259786,6267.511214905432,372.59354409638144,4.239622222222223,0.03528363380966903,0.6779500776167201,0.038192109135207236,1478.196164202176,84.21435717915423,3133.755607452716,0.0006764442977205255,0.9816350405967825,0.9951721306189434
FP16,4,0.2830902079946706,0.030703650076908076,0.5715535342157333,0.23981202601799634,0.1502892593147747,0.04420226966748464,0.006586717202272221,0.0019372498828309447,0.11117477871601779,0.0012399776442480618,13122.901088292912,1375.2254062709897,4.230260317460317,0.027645777432116922,0.324670966254816,0.033122641620771415,3102.3938072114192,328.99771389161856,3280.725272073228,0.0003223570984036586,1.0276726359833361,0.9527032738320056
FP16,8,0.31656973915717873,0.03420354538411398,0.7107946667323025,0.018149948085317332,0.1862462594396892,0.03020708534014232,0.008162602214579255,0.0013238838859648333,0.1114304747035106,0.0012267599236579886,23613.602700425487,2493.602476212642,4.217536111111111,0.02454219769280229,0.17986019702999348,0.017897042603773332,5597.460028223791,567.4516763644465,2951.700337553186,0.00017860621120025522,0.9246070350198097,1.065374281320483
FP16,16,0.26879413850413886,0.02499776340792552,0.45555561664514244,0.21760188650710463,0.12613337473547934,0.030970702357041874,0.005528038882743731,0.0013573508773126678,0.11525889069462815,0.0022001243421214626,54976.59974600282,4589.809827011468,4.236344444444444,0.015792752387305514,0.07743447770288622,0.006788853267402061,12977.498532803927,1083.9956272966588,3436.0374841251764,7.705722914870623e-05,1.076323497339662,0.9045917114327302
FP16,32,0.3032083226898976,0.0465812973431703,0.578159017671472,0.24749773415350274,0.1794664278700345,0.061254139566629034,0.007865462994970613,0.0026845810314951434,0.11421196268747251,0.0006899906352024266,99175.50000972523,14670.854961811447,4.2289345238095235,0.02667369632578656,0.04323418729010853,0.006041149254882478,23437.97605242806,3318.430046239412,3099.2343753039136,4.264091961618374e-05,0.9708214177854664,1.020408172101858
FP32,1,0.38727780983905785,0.11264256777894001,0.7145319996501106,0.0038868568253100626,0.19869598727471174,0.01894539299794368,0.008708235594292698,0.000830318457435472,0.10516917873422305,0.007912342480579362,2521.022148826049,621.0009966526513,4.306975438596491,0.18079539838943312,1.806964705650831,0.6006212086378759,589.8906515491491,164.63298195255618,2521.022148826049,0.001708424275685994,1.0,1.0
FP32,2,0.33967343099751207,0.15725730287781237,0.44614099964140524,0.23477529146596904,0.12392537470915732,0.10626830657758209,0.005431269014941456,0.004657413884280727,0.1087560053492586,0.008761867364508156,6093.308804882462,2177.340019421627,4.227799498746867,0.029614952545760076,0.7783032766904777,0.3546487598539544,1443.332942481696,522.0787605331826,3046.654402441231,0.0006938429733545106,1.2084996571172333,0.8770795082183281
FP32,4,0.37307675500111753,0.1224292711516254,0.7095853828711066,0.009045515948306033,0.20315934070192762,0.04134047809148507,0.00890385068304158,0.001811826337004067,0.10763406933347384,0.00876084350041524,10584.675591740024,2884.8949000191233,4.239083040935673,0.02197328754996714,0.42549357184629616,0.1377324993069323,2497.372309537208,682.1167720990125,2646.168897935006,0.0004004924859712971,1.049641273150747,0.9633310908160685
FP32,8,0.360900599011984,0.11379231654412991,0.6975126164131021,0.030099400797264895,0.20098270827126785,0.04603044659387803,0.008808455560732656,0.002017373269324265,0.10937611729527513,0.006794024395137265,21804.221038996082,5795.015982310939,4.276254970760234,0.07539379463876185,0.20709936761155479,0.06233367548940952,5091.641577043938,1312.0024292953772,2725.5276298745102,0.00019612051093741446,1.0811200651861357,0.9318907250636552
FP32,16,0.2877815049984444,0.02648724299768105,0.5683680332973987,0.23701983056673306,0.1679347404747462,0.04677099381552245,0.007360064511512228,0.0020498291823159162,0.11368580266833306,0.0011855224179946249,51613.52114786132,4698.973987012924,4.231947619047618,0.021914342107913532,0.08242053200698486,0.00706847406401709,12195.124749054123,1088.8603067112476,3225.8450717413325,8.199300347914696e-05,1.2795782350597336,0.7430880305743275
FP32,32,0.33774811833730684,0.034316345979571096,0.7157062491387478,0.0070375777119208675,0.2062999321078124,0.014702290313977283,0.009041493170154534,0.000644356283113003,0.1143368053038915,0.0021887935516225745,88591.24124581211,8149.512246696404,4.283713888888889,0.08223304635021757,0.0485903660066249,0.0038791653582707373,20666.0242987513,1613.6167914824555,2768.4762889316285,4.835369533883113e-05,1.0981562737244535,0.872108108847408
INT8,1,0.2595900265020343,0.017368095547019777,0.48228181670613696,0.20653189582696832,0.13317069674256773,0.03180886724850818,0.005836463118336868,0.0013940850733166474,0.10271534402668475,0.0023474645968038334,3537.949269853469,223.24904556351828,4.221446031746031,0.009154581190034261,1.1963175185787405,0.074522879431746,838.0737538614218,52.41311357954593,3537.949269853469,0.0011931900967932392,1.0,1.0
INT8,2,0.27837250382738904,0.05999151887803486,0.4387105333080399,0.2445091424527479,0.15872695083620628,0.08134024069218015,0.006956515337848077,0.0035648932268806228,0.10346157873794437,0.0014283790203822844,6777.356586034756,1235.2432162691787,4.2219315476190475,0.024913025259762207,0.6386025776696511,0.12899641547385848,1605.0442834633395,290.5602053748478,3388.678293017378,0.0006229466450560753,0.957808615824988,1.0723543873331651
INT8,4,0.324585137175139,0.045803262087502745,0.71488226664466,0.011070096439141199,0.21491191119201636,0.04385468855060535,0.009418929794955028,0.0019220164687322112,0.10236082144205767,0.0032104667187725523,11566.49691484415,1454.1813571277398,4.221201388888889,0.014921908025462933,0.36915798508552616,0.050263881443328835,2740.3746812094464,347.20176711668836,2891.6242287110376,0.00036495072103218264,0.8173164757760362,1.250375993056865
INT8,8,0.2917888183301329,0.048405373389283905,0.5672221326070334,0.2372200619149172,0.15759011288415156,0.07107362739840119,0.0069066912178202345,0.0031149390604982043,0.1014001280280451,0.0016573212640748412,25683.36223821602,3990.6465583978325,4.256987103174603,0.07398631766323639,0.16878332270658944,0.02959009922056467,6043.3460799518,1018.9077989381422,3210.4202797770026,0.00016574882461612998,0.9074240569622324,1.124037091339664
INT8,16,0.27323913132022426,0.02831953348574615,0.5504329498459507,0.25689948916104527,0.15671082754360557,0.04965658612758593,0.00686815483867587,0.002176295841392362,0.10344876270741225,0.0013224137984888117,54227.536158025905,5623.089944818069,4.471957142857143,0.39777772263076144,0.08255345870337344,0.0016618976327511107,12116.60364868112,241.47993596740503,3389.221009876619,8.246653747692488e-05,0.9579620145364578,1.052579465405937
INT8,32,0.36747637715325254,0.1451658551580686,0.6982303995149172,0.018516777667269703,0.19000633252883645,0.04401640596001959,0.008327394683522192,0.0019291040466958816,0.1000373762138188,0.0037926222675998813,87921.17572031585,27921.73637152119,4.234044444444444,0.026660631261455597,0.052512467536051245,0.0206053937657002,20789.77763943048,6684.640967208631,2747.5367412598703,4.8157277353902445e-05,0.7765902028814745,1.4156028338414335
